{
    "loss": 0.02401169389486313,
    "accuracy": 0.9901960492134094
}