{
    "loss": 0.8461006879806519,
    "accuracy": 0.8627451062202454
}