{
    "loss": 0.2879772186279297,
    "accuracy": 0.9791666865348816
}